7805,co-chaperone GroES resistencia estresse [Lactiplantibacillus pentosus]
7874,elongation factor Tu adesao [Lactiplantibacillus pentosus]
7905,chaperonin GroEL resistencia estresse [Lactiplantibacillus pentosus]
8028,manganese-dependent inorganic pyrophosphatase tolerancia gastro[Lactiplantibacillus pentosus]
8032,molecular chaperone DnaK adesao [Lactiplantibacillus pentosus]
8261,phosphoketolase family protein metabolismo carbono [Lactiplantibacillus pentosus]
9179,NAD(P)-dependent oxidoreductase EPS [Lacticaseibacillus rhamnosus]
9181,glucose-1-phosphate thymidylyltransferase EPS [Lacticaseibacillus rhamnosus]
9452,glucose-6-phosphate isomerase metabolismo carbono [Lactiplantibacillus pentosus]
9507,dTDP-glucose 4,6-dehydratase EPS [Lacticaseibacillus rhamnosus]
55385,catalase bacteriocina [Lactiplantibacillus pentosus]
55515,Beta-galactosidase beta galactosidase [Bifidobacterium breve]
55590,dipeptidase acido biliar [Bifidobacterium bifidum VKPM=Ac-1784]
56879,Beta-galactosidase  beta galactosidase [Bifidobacterium breve]
56945,choloylglycine hydrolase acido biliar [Bifidobacterium bifidum VKPM=Ac-1784]
56958,Phospholipase, patatin family fosfolipase [Bifidobacterium breve]
57156,Phospholipase/carboxylesterase family protein fosfolipase [Bifidobacterium breve]
57216,dipeptidase acido biliar [Bifidobacterium bifidum VKPM=Ac-1784]
57627,MFS transporter acido biliar [Bifidobacterium bifidum VKPM=Ac-1784]
58009,Alpha-mannosidase manosidase [Bifidobacterium breve]
59457,ManA1 manosidases [Bifidobacterium breve]
60253,Putative lysophospholipase fosfolipase [Bifidobacterium breve]
60766,Phospholipase/carboxylesterase family protein fosfolipase [Bifidobacterium breve]
71965,Phospholipase/carboxylesterase family protein fosfolipase [Bifidobacterium breve]
71989,Sialidase A sialidase [Bifidobacterium breve]
72004,Beta-galactosidase beta galactosidase [Bifidobacterium breve]
72057,Alpha-1,3/4-fucosidase, putative fucosidase [Bifidobacterium breve]
72324,Putative extracellular lysophospholipase fosfolipase [Bifidobacterium breve]
110143,triose-phosphate isomerase metabolismo carbono [Lactiplantibacillus pentosus]
110682,hypothetical protein BVH57_08230 adesao [Lacticaseibacillus rhamnosus]
110899,UDP-phosphate galactose phosphotransferase EPS [Lacticaseibacillus rhamnosus]
111857,dTDP-4-dehydrorhamnose 3,5-epimerase EPS [Lacticaseibacillus rhamnosus]
113610,UDP-N-acetylglucosamine 2-epimerase (non-hydrolyzing) EPS [Lacticaseibacillus rhamnosus]
116045,1,4-beta-N-acetylmuramidase EPS [Lacticaseibacillus rhamnosus]
116046,glycosyltransferase EPS [Lacticaseibacillus rhamnosus]
116048,glycosyl transferase EPS [Lacticaseibacillus rhamnosus]
116049,glycosyl transferase family 2 EPS [Lacticaseibacillus rhamnosus]
116055,tyrosine protein phosphatase EPS [Lacticaseibacillus rhamnosus]
116056,transcriptional regulator EPS [Lacticaseibacillus rhamnosus]
116357,peptidase S41 adesao [Lacticaseibacillus rhamnosus]
116363,peptidase M23 adesao [Lacticaseibacillus rhamnosus]
116551,exopolysaccharide biosynthesis protein EPS [Lacticaseibacillus rhamnosus]
116552,capsular biosynthesis protein EPS [Lacticaseibacillus rhamnosus]
116559,cell surface protein adesao [Lacticaseibacillus rhamnosus]
116607,glycosyl transferase family 1 EPS [Lacticaseibacillus rhamnosus]
116608,histidine kinase EPS [Lacticaseibacillus rhamnosus]
116609,tyrosine protein kinase EPS [Lacticaseibacillus rhamnosus]
116610,LPS biosynthesis protein EPS [Lacticaseibacillus rhamnosus]
116792,sugar tyrosine-protein kinase EPS [Lacticaseibacillus rhamnosus]
117215,MFS transporter bacteriocina [Lacticaseibacillus rhamnosus]
117216,Rrf2 family transcriptional regulator bacteriocina [Lacticaseibacillus rhamnosus]
117223,bacteriocin cleavage/export ABC transporter bacteriocina [Lacticaseibacillus rhamnosus]
117356,acyltransferase EPS [Lacticaseibacillus rhamnosus]
117357,glycosyltransferase EPS [Lacticaseibacillus rhamnosus]
117422,alpha-glucosidase adesao [Lacticaseibacillus rhamnosus]
127195,pilus assembly protein adesao [Lacticaseibacillus rhamnosus]
127197,hypothetical protein BVH57_03480 bacteriocina [Lacticaseibacillus rhamnosus]
127290,pilus assembly protein adesao [Lacticaseibacillus rhamnosus]
128404,multidrug MFS transporter EPD [Lacticaseibacillus rhamnosus]
128405,competence protein ComGC adesao [Lacticaseibacillus rhamnosus]
128456,glycoside hydrolase adesao [Lacticaseibacillus rhamnosus]
128463,cell surface protein adesao [Lacticaseibacillus rhamnosus]
128481,peptidase adesao [Lacticaseibacillus rhamnosus]
128502,cell surface protein adesao [Lacticaseibacillus rhamnosus]
128529,cell surface protein adesao [Lacticaseibacillus rhamnosus]
128530,cell surface protein adesao [Lacticaseibacillus rhamnosus]
128539,peptidase S8 adesao [Lacticaseibacillus rhamnosus]
128601,hypothetical protein BVH57_03655 adesao [Lacticaseibacillus rhamnosus]
128604,bacteriocin immunity protein bacteriocina[Lacticaseibacillus rhamnosus]
128646,peptidoglycan-binding protein LysM adesao [Lacticaseibacillus rhamnosus]
128661,bacteriocin immunity protein bacteriocina [Lacticaseibacillus rhamnosus]
128662,bacteriocin leader domain-containing protein bacteriocina [Lacticaseibacillus rhamnosus]
128664,CPBP family intramembrane metalloprotease bacteriocina [Lacticaseibacillus rhamnosus]
128665,bacteriocin immunity protein bacteriocina [Lacticaseibacillus rhamnosus]
128675,peptidoglycan-binding protein adesao [Lacticaseibacillus rhamnosus]
128683,internalin adesao [Lacticaseibacillus rhamnosus]
128684,cell surface protein adesao [Lacticaseibacillus rhamnosus]
128718,bacteriocin ABC transporter permease bacteriocina [Lacticaseibacillus rhamnosus]
128720,peptidase adesao [Lacticaseibacillus rhamnosus]
128732,hypothetical protein BVH57_14510 adesao [Lacticaseibacillus rhamnosus]
128751,matrix-binding protein adesao [Lacticaseibacillus rhamnosus]
128755,hypothetical protein BVH57_05610 EPS [Lacticaseibacillus rhamnosus]
134712,bifunctional folylpolyglutamate synthase/dihydrofolate synthase folC acido folico [Lactiplantibacillus pentosus]
134783,dihydroneopterin aldolase folB [Lactiplantibacillus pentosus]
135440,aminodeoxychorismate/anthranilate synthase component II pabA acido folico [Lactiplantibacillus pentosus]
135479,signal peptidase II adesao [Lactiplantibacillus pentosus]
135516,bifunctional folylpolyglutamate synthase/dihydrofolate synthase folC acido folico [Lactiplantibacillus pentosus]
135861,dihydrofolate reductase acido folico [Lactiplantibacillus pentosus]
136018,peroxide stress protein YaaA resistencia peroxido [Lactiplantibacillus pentosus]
136618,anthranilate synthase component I family protein pabB cido folico [Lactiplantibacillus pentosus]
143834,mucus-binding protein adesao [Lactiplantibacillus pentosus]
143932,mucus-binding protein adesao [Lactiplantibacillus pentosus]
